{
  "roles": [
    {
      "name": "サーバー情報表示BOT",
      "color": "#000000",
      "permissions": "8",
      "hoist": false,
      "mentionable": false,
      "position": 3
    },
    {
      "name": "test1",
      "color": "#2ecc71",
      "permissions": "1721826618638327",
      "hoist": false,
      "mentionable": false,
      "position": 2
    },
    {
      "name": "test3",
      "color": "#f1c40f",
      "permissions": "1721826618638327",
      "hoist": false,
      "mentionable": false,
      "position": 1
    }
  ],
  "channels": [
    {
      "name": "テキストチャンネル",
      "type": 4,
      "parent": null,
      "position": 0
    },
    {
      "name": "一般",
      "type": 0,
      "parent": "テキストチャンネル",
      "position": 0
    },
    {
      "name": "一般",
      "type": 2,
      "parent": "ボイスチャンネル",
      "position": 0
    },
    {
      "name": "ボイスチャンネル",
      "type": 4,
      "parent": null,
      "position": 1
    },
    {
      "name": "test3",
      "type": 0,
      "parent": "テキストチャンネル",
      "position": 1
    }
  ]
}
